{"stats":{"minecraft:killed":{"minecraft:spider":5,"minecraft:skeleton":12,"iceandfire:troll":1,"minecraft:squid":1,"minecraft:zombie":19,"minecraft:stray":3},"minecraft:picked_up":{"minecraft:wooden_axe":5,"minecraft:crafting_table":3,"minecraft:redstone_block":1,"iceandfire:troll_weapon_hammer":3,"tconstruct:materials_and_you":5,"minecraft:enchanted_book":3,"minecraft:diamond_horse_armor":1,"minecraft:brewing_stand":1,"minecraft:shield":6,"minecraft:string":5,"minecraft:cracked_stone_bricks":1,"minecraft:cobbled_deepslate":64,"soul_like_armors_reworked:dagger":5,"minecraft:tipped_arrow":2,"minecraft:stick":11,"minecraft:stone":1,"minecraft:torch":111,"minecraft:dark_oak_planks":155,"travelersbackpack:iron":1,"soul_like_armors_reworked:estusflask":23,"minecraft:rotten_flesh":15,"minecraft:arrow":28,"minecraft:stone_shovel":1,"minecraft:nether_bricks":1,"minecraft:saddle":1,"minecraft:gold_ingot":19,"minecraft:iron_bars":30,"minecraft:cobblestone":203,"minecraft:birch_log":24,"minecraft:lime_bed":1,"minecraft:dark_oak_button":6,"minecraft:cooked_beef":1,"minecraft:golden_carrot":9,"minecraft:golden_leggings":1,"minecraft:potato":1,"minecraft:birch_planks":259,"minecraft:tuff":13,"minecraft:chainmail_chestplate":1,"minecraft:dirt":108,"minecraft:leather_boots":1,"soul_like_armors_reworked:rustyshield":1,"minecraft:bone":29,"minecraft:stone_bricks":3,"minecraft:iron_ingot":2,"minecraft:stone_pickaxe":4,"soul_like_armors_reworked:rustysteel_boots":1,"minecraft:polished_andesite_stairs":10,"minecraft:cooked_porkchop":7,"patchouli:guide_book":4,"mekanismtools:stone_paxel":5,"minecraft:nether_brick_stairs":3,"minecraft:ink_sac":18,"minecraft:spruce_log":4,"minecraft:dark_oak_log":10,"minecraft:spider_eye":11,"minecraft:spruce_door":2,"minecraft:leather_helmet":1,"minecraft:polished_andesite":8,"create:crimsite":1,"minecraft:deepslate":3,"minecraft:chainmail_leggings":1,"minecraft:iron_helmet":1,"minecraft:granite":16,"minecraft:emerald":6,"minecraft:baked_potato":4,"minecraft:coal":1},"minecraft:dropped":{"minecraft:nether_brick_stairs":3,"minecraft:enchanted_book":1,"soul_like_armors_reworked:estusflask":2,"minecraft:iron_helmet":2,"minecraft:cobblestone":44,"minecraft:dark_oak_button":6,"minecraft:granite":8,"create:crimsite":1,"minecraft:cracked_stone_bricks":1,"soul_like_armors_reworked:rustysteel_boots":1,"minecraft:coal":25,"minecraft:leather_helmet":1,"minecraft:stick":2,"minecraft:dirt":27,"tconstruct:materials_and_you":1,"minecraft:ink_sac":6,"minecraft:torch":23,"minecraft:wooden_axe":1,"minecraft:bone":12,"minecraft:iron_nugget":2,"minecraft:cooked_chicken":3,"minecraft:tuff":1,"minecraft:rotten_flesh":9,"minecraft:iron_hoe":1,"minecraft:chainmail_chestplate":1,"iceandfire:troll_weapon_hammer":1,"soul_like_armors_reworked:rustyshield":1,"minecraft:tipped_arrow":2,"minecraft:stone":1,"minecraft:shield":3,"minecraft:diamond_pickaxe":1,"soul_like_armors_reworked:dagger":1,"minecraft:golden_leggings":1,"minecraft:spider_eye":4,"minecraft:spruce_log":2,"minecraft:iron_bars":11},"minecraft:killed_by":{"minecraft:skeleton":2,"minecraft:zombie":2},"minecraft:crafted":{"minecraft:furnace":1,"minecraft:iron_hoe":1,"minecraft:stone_pickaxe":1,"minecraft:dark_oak_planks":40,"minecraft:crafting_table":2,"minecraft:wooden_pickaxe":1,"minecraft:dark_oak_button":3,"minecraft:birch_planks":96,"minecraft:shield":1,"minecraft:stick":16,"minecraft:wooden_axe":1,"minecraft:torch":12},"minecraft:mined":{"minecraft:tuff":3,"minecraft:spruce_planks":1,"minecraft:dark_oak_log":10,"minecraft:brewing_stand":1,"minecraft:nether_bricks":1,"minecraft:granite":8,"minecraft:grass_block":24,"minecraft:spawner":20,"minecraft:nether_brick_stairs":3,"minecraft:vine":2,"minecraft:iron_bars":17,"minecraft:stone":69,"minecraft:redstone_block":1,"minecraft:crafting_table":1,"minecraft:torch":6,"minecraft:polished_andesite_stairs":7,"minecraft:sculk_sensor":1,"minecraft:mushroom_stem":5,"minecraft:tall_grass":2,"minecraft:sculk":2,"minecraft:wall_torch":2,"minecraft:birch_planks":4,"minecraft:lime_bed":1,"minecraft:birch_log":23,"minecraft:spruce_log":2,"minecraft:birch_leaves":4,"minecraft:grass":7,"minecraft:dirt":5,"minecraft:cracked_stone_bricks":1,"minecraft:polished_andesite":7,"minecraft:stone_bricks":1,"minecraft:netherrack":2,"create:crimsite":1,"minecraft:deepslate":39,"minecraft:redstone_lamp":1},"minecraft:used":{"minecraft:shield":16,"soul_like_armors_reworked:estusflask":1,"minecraft:torch":120,"travelersbackpack:iron":1,"minecraft:dark_oak_planks":1,"soul_like_armors_reworked:dagger":8,"minecraft:dark_oak_button":1,"minecraft:stone_bricks":1,"minecraft:golden_carrot":2,"minecraft:furnace":1,"minecraft:cooked_beef":9,"iceandfire:troll_weapon_hammer":33,"minecraft:birch_planks":20,"minecraft:polished_andesite":4,"minecraft:stone_pickaxe":31,"minecraft:baked_potato":4,"minecraft:wooden_pickaxe":10,"mekanismtools:stone_paxel":192,"minecraft:leather_boots":1,"minecraft:cracked_stone_bricks":1,"minecraft:tnt":2,"minecraft:lime_bed":1,"minecraft:crafting_table":3,"minecraft:spruce_log":1,"minecraft:iron_pickaxe":74,"minecraft:diamond_sword":31,"minecraft:cooked_porkchop":5},"minecraft:custom":{"minecraft:mob_kills":50,"minecraft:interact_with_crafting_table":6,"minecraft:time_since_death":3528,"minecraft:climb_one_cm":1057,"minecraft:sprint_one_cm":164330,"minecraft:walk_one_cm":200738,"minecraft:damage_blocked_by_shield":565,"minecraft:drop":70,"minecraft:play_time":52776,"minecraft:deaths":6,"minecraft:sneak_time":825,"minecraft:walk_under_water_one_cm":1620,"minecraft:jump":486,"minecraft:walk_on_water_one_cm":9899,"minecraft:total_world_time":52776,"minecraft:interact_with_furnace":13,"minecraft:time_since_rest":3557,"minecraft:damage_taken":3182,"minecraft:damage_dealt":7882,"minecraft:swim_one_cm":6536,"minecraft:fly_one_cm":80910,"minecraft:open_chest":46,"minecraft:crouch_one_cm":1683,"minecraft:fall_one_cm":9212},"minecraft:broken":{"minecraft:leather_boots":1}},"DataVersion":3120}