{"stats":{"minecraft:killed":{"iceandfire:troll":1,"minecraft:spider":5,"minecraft:squid":1,"minecraft:skeleton":10,"minecraft:zombie":17,"minecraft:stray":3},"minecraft:picked_up":{"minecraft:wooden_axe":4,"minecraft:birch_log":24,"minecraft:lime_bed":1,"minecraft:crafting_table":3,"minecraft:golden_carrot":9,"minecraft:cooked_beef":1,"minecraft:redstone_block":1,"iceandfire:troll_weapon_hammer":3,"minecraft:golden_leggings":1,"tconstruct:materials_and_you":4,"minecraft:potato":1,"minecraft:birch_planks":259,"minecraft:enchanted_book":2,"minecraft:diamond_horse_armor":1,"minecraft:tuff":1,"minecraft:brewing_stand":1,"minecraft:shield":5,"minecraft:dirt":108,"minecraft:string":5,"minecraft:leather_boots":1,"minecraft:bone":19,"soul_like_armors_reworked:rustyshield":1,"minecraft:stone_bricks":3,"minecraft:cracked_stone_bricks":1,"minecraft:iron_ingot":2,"minecraft:stone_pickaxe":4,"soul_like_armors_reworked:rustysteel_boots":1,"soul_like_armors_reworked:dagger":5,"minecraft:tipped_arrow":2,"minecraft:stone":1,"minecraft:polished_andesite_stairs":10,"minecraft:stick":9,"minecraft:cooked_porkchop":7,"patchouli:guide_book":4,"minecraft:torch":71,"mekanismtools:stone_paxel":5,"minecraft:ink_sac":15,"minecraft:spruce_log":4,"minecraft:dark_oak_log":10,"minecraft:spruce_door":2,"minecraft:spider_eye":8,"minecraft:leather_helmet":1,"minecraft:dark_oak_planks":119,"travelersbackpack:iron":1,"soul_like_armors_reworked:estusflask":23,"minecraft:polished_andesite":8,"minecraft:stone_shovel":1,"minecraft:arrow":26,"create:crimsite":1,"minecraft:rotten_flesh":9,"minecraft:chainmail_leggings":1,"minecraft:granite":8,"minecraft:gold_ingot":19,"minecraft:saddle":1,"minecraft:emerald":6,"minecraft:baked_potato":4,"minecraft:iron_bars":19,"minecraft:cobblestone":195},"minecraft:dropped":{"minecraft:cooked_chicken":3,"minecraft:tuff":1,"soul_like_armors_reworked:estusflask":2,"minecraft:cobblestone":44,"minecraft:rotten_flesh":1,"create:crimsite":1,"soul_like_armors_reworked:rustyshield":1,"iceandfire:troll_weapon_hammer":1,"minecraft:dirt":27,"minecraft:shield":2,"minecraft:ink_sac":3,"minecraft:torch":22,"soul_like_armors_reworked:dagger":1,"minecraft:spruce_log":2,"minecraft:bone":2},"minecraft:killed_by":{"minecraft:skeleton":2,"minecraft:zombie":2},"minecraft:crafted":{"minecraft:crafting_table":1,"minecraft:wooden_pickaxe":1,"minecraft:furnace":1,"minecraft:birch_planks":96,"minecraft:shield":1,"minecraft:stick":12,"minecraft:stone_pickaxe":1,"minecraft:wooden_axe":1,"minecraft:torch":12,"minecraft:dark_oak_planks":40},"minecraft:mined":{"minecraft:tuff":1,"minecraft:spruce_planks":1,"minecraft:redstone_block":1,"minecraft:dark_oak_log":10,"minecraft:brewing_stand":1,"minecraft:crafting_table":1,"minecraft:torch":5,"minecraft:granite":8,"minecraft:grass_block":24,"minecraft:polished_andesite_stairs":7,"minecraft:mushroom_stem":5,"minecraft:tall_grass":2,"minecraft:wall_torch":1,"minecraft:spawner":15,"minecraft:birch_planks":4,"minecraft:lime_bed":1,"minecraft:birch_log":23,"minecraft:spruce_log":2,"minecraft:birch_leaves":4,"minecraft:grass":7,"minecraft:vine":2,"minecraft:iron_bars":11,"minecraft:dirt":5,"minecraft:cracked_stone_bricks":1,"minecraft:stone":61,"minecraft:stone_bricks":1,"minecraft:polished_andesite":7,"create:crimsite":1,"minecraft:redstone_lamp":1},"minecraft:used":{"minecraft:birch_planks":20,"minecraft:stone_pickaxe":31,"minecraft:polished_andesite":4,"minecraft:baked_potato":4,"mekanismtools:stone_paxel":192,"minecraft:shield":16,"minecraft:wooden_pickaxe":10,"soul_like_armors_reworked:estusflask":1,"minecraft:leather_boots":1,"minecraft:cracked_stone_bricks":1,"minecraft:torch":72,"minecraft:crafting_table":2,"minecraft:lime_bed":1,"travelersbackpack:iron":1,"minecraft:spruce_log":1,"minecraft:dark_oak_planks":1,"soul_like_armors_reworked:dagger":8,"minecraft:iron_pickaxe":4,"minecraft:stone_bricks":1,"minecraft:furnace":1,"minecraft:cooked_porkchop":5,"minecraft:cooked_beef":9,"iceandfire:troll_weapon_hammer":33},"minecraft:custom":{"minecraft:interact_with_furnace":13,"minecraft:mob_kills":44,"minecraft:interact_with_crafting_table":5,"minecraft:time_since_death":12727,"minecraft:climb_one_cm":1057,"minecraft:time_since_rest":12757,"minecraft:sprint_one_cm":125950,"minecraft:damage_taken":2931,"minecraft:walk_one_cm":154243,"minecraft:damage_blocked_by_shield":565,"minecraft:drop":23,"minecraft:damage_dealt":6830,"minecraft:fly_one_cm":74093,"minecraft:swim_one_cm":6536,"minecraft:open_chest":35,"minecraft:crouch_one_cm":231,"minecraft:play_time":40776,"minecraft:deaths":5,"minecraft:sneak_time":352,"minecraft:walk_under_water_one_cm":1620,"minecraft:jump":438,"minecraft:walk_on_water_one_cm":9899,"minecraft:total_world_time":40776,"minecraft:fall_one_cm":9212}},"DataVersion":3120}