{"stats":{"minecraft:dropped":{"minecraft:dirt":2,"minecraft:birch_planks":3,"minecraft:wooden_axe":1,"minecraft:crafting_table":1,"minecraft:rose_bush":3,"minecraft:birch_sapling":1,"minecraft:rotten_flesh":2,"minecraft:granite":1,"minecraft:arrow":3,"minecraft:birch_log":2,"minecraft:bone":1,"minecraft:stick":18},"minecraft:used":{"minecraft:wooden_axe":3,"minecraft:birch_planks":23,"minecraft:stone_shovel":31,"minecraft:stone_pickaxe":96,"minecraft:birch_sapling":3,"minecraft:wooden_pickaxe":3,"minecraft:torch":12,"minecraft:stone_axe":28,"minecraft:dirt":3,"minecraft:cobblestone":2,"minecraft:crafting_table":3,"minecraft:cooked_porkchop":1,"minecraft:cooked_beef":1,"minecraft:granite":1},"minecraft:killed_by":{"minecraft:zombie":6},"minecraft:killed":{"minecraft:zombie":1},"minecraft:crafted":{"minecraft:stone_shovel":1,"minecraft:cooked_porkchop":1,"minecraft:crafting_table":1,"minecraft:stick":8,"minecraft:wooden_pickaxe":1,"minecraft:stone_pickaxe":1,"minecraft:furnace":1,"minecraft:torch":28,"minecraft:birch_planks":140,"minecraft:stone_axe":1,"minecraft:air":0},"minecraft:custom":{"minecraft:time_since_rest":4243,"minecraft:sprint_one_cm":43225,"minecraft:damage_taken":1655,"minecraft:walk_one_cm":66957,"minecraft:mob_kills":1,"minecraft:drop":17,"minecraft:damage_dealt":317,"minecraft:interact_with_crafting_table":6,"minecraft:fly_one_cm":58326,"minecraft:crouch_one_cm":35,"minecraft:play_time":42960,"minecraft:deaths":6,"minecraft:sneak_time":52,"minecraft:jump":437,"minecraft:leave_game":3,"minecraft:time_since_death":0,"minecraft:interact_with_smoker":1,"minecraft:total_world_time":42960,"minecraft:fall_one_cm":13335},"minecraft:picked_up":{"minecraft:wooden_axe":2,"minecraft:birch_log":38,"minecraft:stick":56,"minecraft:crafting_table":7,"minecraft:cooked_beef":2,"minecraft:torch":2,"minecraft:smoker":1,"minecraft:porkchop":7,"minecraft:birch_planks":55,"minecraft:dirt":40,"minecraft:arrow":6,"minecraft:bone":2,"minecraft:rotten_flesh":2,"minecraft:granite":2,"minecraft:rose_bush":5,"minecraft:birch_sapling":5,"minecraft:coal":19,"minecraft:cobblestone":72},"minecraft:mined":{"minecraft:birch_planks":4,"minecraft:birch_log":34,"minecraft:smoker":1,"minecraft:birch_leaves":23,"minecraft:torch":3,"minecraft:crafting_table":4,"minecraft:granite":2,"minecraft:grass":4,"minecraft:coal_ore":15,"minecraft:grass_block":28,"minecraft:rose_bush":6,"minecraft:dirt":10,"minecraft:stone":80,"minecraft:birch_sapling":1}},"DataVersion":3465}