{"stats":{"minecraft:dropped":{"minecraft:rose_bush":2},"minecraft:killed_by":{"minecraft:zombie":1,"minecraft:player":2},"minecraft:custom":{"minecraft:time_since_rest":24385,"minecraft:damage_dealt":10,"minecraft:damage_taken":893,"minecraft:leave_game":4,"minecraft:play_time":69101,"minecraft:time_since_death":24385,"minecraft:walk_one_cm":5659,"minecraft:deaths":3,"minecraft:sneak_time":2069,"minecraft:total_world_time":69101,"minecraft:fall_one_cm":249,"minecraft:drop":2,"minecraft:fly_one_cm":421},"minecraft:picked_up":{"minecraft:birch_planks":1,"minecraft:rose_bush":5,"minecraft:birch_sapling":1,"minecraft:dirt":4,"minecraft:cobblestone":3},"minecraft:mined":{"minecraft:birch_planks":2}},"DataVersion":3465}