{"stats":{"minecraft:killed":{"minecraft:cave_spider":1,"minecraft:pig":2,"minecraft:spider":3,"minecraft:skeleton":9,"minecraft:zombie":7,"minecraft:stray":2},"minecraft:picked_up":{"minecraft:birch_log":18,"minecraft:crafting_table":2,"iceandfire:troll_weapon_hammer":1,"minecraft:leather_leggings":1,"tconstruct:materials_and_you":1,"minecraft:potato":2,"minecraft:birch_planks":19,"minecraft:shield":1,"minecraft:dirt":30,"minecraft:string":8,"minecraft:leather_boots":1,"soul_like_armors_reworked:rustyshield":3,"minecraft:bone":24,"minecraft:stone_bricks":2,"minecraft:spruce_planks":3,"minecraft:iron_ingot":4,"minecraft:stone_pickaxe":1,"minecraft:cooked_chicken":3,"minecraft:wooden_shovel":2,"minecraft:glass_bottle":1,"minecraft:furnace":1,"minecraft:tipped_arrow":2,"minecraft:polished_andesite_stairs":12,"minecraft:raw_iron":4,"patchouli:guide_book":1,"minecraft:torch":33,"minecraft:spruce_stairs":1,"mekanismtools:stone_paxel":1,"minecraft:porkchop":4,"minecraft:carrot":1,"minecraft:spruce_log":24,"soul_like_armors_reworked:rustysteel_helmet":1,"minecraft:spruce_door":2,"minecraft:spider_eye":1,"minecraft:mossy_cobblestone":2,"soul_like_armors_reworked:estusflask":8,"minecraft:polished_andesite":2,"minecraft:arrow":14,"create:crimsite":1,"minecraft:rotten_flesh":15,"minecraft:stone_axe":1,"minecraft:chainmail_leggings":3,"minecraft:iron_bars":5,"minecraft:cobblestone":97},"minecraft:dropped":{"minecraft:baked_potato":4,"minecraft:glass_bottle":2,"minecraft:bowl":1,"minecraft:cooked_porkchop":2,"minecraft:rotten_flesh":2,"mekanismtools:stone_paxel":1,"minecraft:chainmail_helmet":1,"iceandfire:troll_weapon_hammer":1,"soul_like_armors_reworked:rustyshield":1,"minecraft:golden_carrot":9,"minecraft:torch":22,"soul_like_armors_reworked:dagger":1,"minecraft:arrow":2,"minecraft:string":5},"minecraft:killed_by":{"minecraft:skeleton":1},"minecraft:mined":{"minecraft:mossy_cobblestone":2,"minecraft:dark_oak_leaves":1,"minecraft:crafting_table":2,"minecraft:torch":2,"minecraft:grass_block":1,"minecraft:spawner":9,"minecraft:birch_planks":1,"minecraft:furnace":1,"minecraft:carrots":1,"minecraft:birch_log":19,"minecraft:iron_ore":4,"minecraft:spruce_log":21,"minecraft:birch_leaves":2,"minecraft:iron_bars":5,"minecraft:dirt":1,"minecraft:stone":35,"minecraft:stone_bricks":2,"create:crimsite":1},"minecraft:crafted":{"minecraft:stone_shovel":2,"minecraft:cooked_porkchop":4,"minecraft:crafting_table":1,"minecraft:baked_potato":2,"minecraft:wooden_pickaxe":1,"minecraft:furnace":1,"minecraft:mushroom_stew":1,"minecraft:birch_planks":72,"minecraft:stone_axe":3,"mekanismtools:stone_paxel":2,"minecraft:air":0,"minecraft:charcoal":11,"minecraft:shield":1,"minecraft:stick":36,"minecraft:stone_pickaxe":3,"minecraft:torch":44},"minecraft:used":{"minecraft:spruce_door":1,"minecraft:birch_planks":12,"minecraft:polished_andesite":2,"minecraft:stone_pickaxe":24,"minecraft:baked_potato":5,"minecraft:leather_chestplate":1,"minecraft:shield":6,"create:crimsite":1,"minecraft:spruce_planks":3,"minecraft:wooden_pickaxe":16,"mekanismtools:stone_paxel":53,"minecraft:iron_sword":62,"soul_like_armors_reworked:estusflask":13,"minecraft:leather_boots":1,"minecraft:cooked_chicken":3,"minecraft:rotten_flesh":1,"minecraft:cracked_stone_bricks":22,"minecraft:torch":41,"minecraft:dirt":9,"minecraft:crafting_table":3,"minecraft:mushroom_stew":1,"minecraft:carrot":2,"minecraft:spruce_stairs":1,"minecraft:iron_pickaxe":3,"minecraft:polished_andesite_stairs":6,"minecraft:stone_bricks":2,"minecraft:stone_axe":42,"minecraft:golden_carrot":1,"minecraft:potion":2,"minecraft:furnace":2,"minecraft:cooked_porkchop":1,"minecraft:chainmail_leggings":1},"minecraft:custom":{"minecraft:interact_with_furnace":13,"minecraft:mob_kills":20,"minecraft:interact_with_crafting_table":9,"minecraft:time_since_death":21496,"minecraft:climb_one_cm":2212,"minecraft:damage_resisted":87,"minecraft:time_since_rest":21542,"minecraft:sprint_one_cm":186036,"minecraft:walk_one_cm":68770,"minecraft:damage_taken":1636,"minecraft:damage_absorbed":450,"minecraft:damage_blocked_by_shield":375,"minecraft:drop":25,"minecraft:damage_dealt":4739,"minecraft:swim_one_cm":8708,"minecraft:fly_one_cm":46426,"minecraft:open_chest":36,"minecraft:crouch_one_cm":691,"minecraft:play_time":39600,"minecraft:deaths":1,"minecraft:sneak_time":355,"minecraft:walk_under_water_one_cm":1697,"minecraft:jump":312,"minecraft:walk_on_water_one_cm":11445,"minecraft:total_world_time":39600,"minecraft:fall_one_cm":4680}},"DataVersion":3120}