{"stats":{"minecraft:dropped":{"minecraft:dirt":5,"minecraft:cooked_beef":2,"minecraft:birch_sapling":2},"minecraft:used":{"minecraft:wooden_axe":11,"minecraft:birch_planks":9,"minecraft:stone_shovel":9,"minecraft:stone_pickaxe":73,"minecraft:birch_sapling":5,"minecraft:wooden_pickaxe":8,"minecraft:rotten_flesh":2,"minecraft:stone_axe":25,"minecraft:birch_button":1,"minecraft:dirt":29,"minecraft:crafting_table":2,"minecraft:egg":1,"minecraft:cooked_beef":1,"minecraft:smoker":1},"minecraft:killed_by":{"minecraft:zombie":3},"minecraft:killed":{"minecraft:pig":4,"minecraft:zombie":1,"minecraft:chicken":2,"minecraft:spider":1,"minecraft:cow":4},"minecraft:custom":{"minecraft:time_since_rest":13164,"minecraft:sprint_one_cm":69112,"minecraft:damage_taken":799,"minecraft:walk_one_cm":52456,"minecraft:mob_kills":12,"minecraft:drop":9,"minecraft:damage_dealt":1507,"minecraft:interact_with_crafting_table":6,"minecraft:fly_one_cm":35310,"minecraft:crouch_one_cm":1191,"minecraft:play_time":24054,"minecraft:deaths":3,"minecraft:sneak_time":412,"minecraft:jump":331,"minecraft:time_since_death":13136,"minecraft:interact_with_smoker":7,"minecraft:total_world_time":24054,"minecraft:fall_one_cm":7429},"minecraft:crafted":{"minecraft:cooked_beef":8,"minecraft:stone_shovel":1,"minecraft:crafting_table":2,"minecraft:stick":20,"minecraft:wooden_pickaxe":1,"minecraft:stone_pickaxe":1,"minecraft:wooden_axe":1,"minecraft:furnace":1,"minecraft:birch_button":1,"minecraft:birch_planks":72,"minecraft:stone_axe":1,"minecraft:air":0,"minecraft:smoker":1},"minecraft:picked_up":{"minecraft:birch_log":24,"minecraft:stick":25,"minecraft:crafting_table":2,"minecraft:feather":2,"minecraft:chicken":2,"minecraft:leather":5,"minecraft:birch_planks":25,"minecraft:porkchop":5,"minecraft:dirt":37,"minecraft:rotten_flesh":2,"minecraft:beef":8,"minecraft:birch_sapling":7,"minecraft:coal":42,"minecraft:cobblestone":39,"minecraft:egg":1},"minecraft:mined":{"minecraft:birch_planks":3,"minecraft:birch_log":22,"minecraft:birch_leaves":4,"minecraft:crafting_table":1,"minecraft:grass":3,"minecraft:coal_ore":46,"minecraft:grass_block":4,"minecraft:dirt":18,"minecraft:stone":35}},"DataVersion":3465}