{"stats":{"minecraft:killed":{"minecraft:cave_spider":1,"minecraft:spider":3,"minecraft:skeleton":11,"minecraft:pig":2,"minecraft:zombie":9,"minecraft:stray":3},"minecraft:picked_up":{"minecraft:crafting_table":2,"iceandfire:troll_weapon_hammer":1,"minecraft:leather_leggings":1,"tconstruct:materials_and_you":1,"minecraft:shield":2,"minecraft:string":8,"simplyswords:runic_tablet":1,"minecraft:cobbled_deepslate":193,"minecraft:spruce_planks":3,"minecraft:wooden_shovel":2,"minecraft:iron_nugget":2,"minecraft:coal_block":2,"minecraft:furnace":1,"minecraft:tipped_arrow":2,"minecraft:raw_iron":4,"minecraft:torch":33,"minecraft:spruce_stairs":1,"minecraft:porkchop":4,"minecraft:carrot":1,"soul_like_armors_reworked:rustysteel_helmet":1,"soul_like_armors_reworked:estusflask":8,"minecraft:arrow":19,"minecraft:rotten_flesh":19,"minecraft:nether_bricks":1,"minecraft:iron_bars":11,"minecraft:cobblestone":99,"minecraft:birch_log":18,"minecraft:potato":2,"minecraft:birch_planks":19,"create:raw_zinc":5,"minecraft:lapis_lazuli":9,"minecraft:dirt":30,"minecraft:leather_boots":1,"minecraft:bone":29,"soul_like_armors_reworked:rustyshield":3,"minecraft:stone_bricks":2,"minecraft:iron_ingot":4,"minecraft:stone_pickaxe":1,"minecraft:cooked_chicken":3,"soul_like_armors_reworked:rustysteel_boots":1,"minecraft:glass_bottle":1,"minecraft:polished_andesite_stairs":12,"patchouli:guide_book":1,"minecraft:gravel":5,"mekanismtools:stone_paxel":1,"minecraft:spruce_log":24,"minecraft:spider_eye":2,"minecraft:spruce_door":2,"minecraft:mossy_cobblestone":2,"minecraft:leather_helmet":1,"minecraft:iron_hoe":1,"minecraft:polished_andesite":2,"create:crimsite":1,"minecraft:stone_axe":1,"minecraft:chainmail_leggings":3,"mekanism:fluorite_gem":3,"minecraft:netherrack":1,"soul_like_armors_reworked:rustysteel_leggings":1,"minecraft:coal":24,"minecraft:diamond_pickaxe":1},"minecraft:dropped":{"minecraft:baked_potato":5,"minecraft:glass_bottle":2,"minecraft:cooked_porkchop":2,"soul_like_armors_reworked:rustysteel_leggings":1,"mekanismtools:stone_paxel":1,"soul_like_armors_reworked:rustysteel_boots":1,"minecraft:chainmail_helmet":1,"minecraft:leather_helmet":1,"minecraft:golden_carrot":9,"minecraft:torch":59,"minecraft:string":5,"minecraft:stone_axe":1,"simplyswords:runic_tablet":1,"minecraft:iron_nugget":2,"minecraft:bowl":1,"minecraft:rotten_flesh":6,"iceandfire:troll_weapon_hammer":1,"soul_like_armors_reworked:rustyshield":1,"minecraft:shield":1,"minecraft:mossy_stone_bricks":44,"soul_like_armors_reworked:dagger":1,"minecraft:spider_eye":1,"minecraft:arrow":7},"minecraft:killed_by":{"minecraft:skeleton":1},"minecraft:crafted":{"minecraft:stone_shovel":2,"minecraft:coal":18,"minecraft:furnace":1,"minecraft:mushroom_stew":1,"minecraft:stone_pickaxe":3,"minecraft:cooked_porkchop":4,"minecraft:crafting_table":1,"minecraft:wooden_pickaxe":1,"minecraft:baked_potato":2,"minecraft:birch_planks":72,"minecraft:stone_axe":3,"mekanismtools:stone_paxel":2,"minecraft:air":0,"minecraft:charcoal":11,"minecraft:shield":1,"minecraft:stick":36,"minecraft:torch":84},"minecraft:mined":{"create:deepslate_zinc_ore":4,"minecraft:tuff":11,"minecraft:mossy_cobblestone":2,"minecraft:dark_oak_leaves":1,"minecraft:nether_bricks":1,"minecraft:grass_block":1,"minecraft:coal_block":2,"minecraft:spawner":16,"minecraft:furnace":1,"minecraft:carrots":1,"minecraft:iron_ore":4,"minecraft:sculk_shrieker":1,"minecraft:iron_bars":5,"minecraft:stone":37,"minecraft:torch":2,"minecraft:crafting_table":2,"minecraft:sculk_sensor":3,"minecraft:sculk":41,"minecraft:birch_planks":1,"minecraft:birch_log":19,"minecraft:spruce_log":21,"minecraft:birch_leaves":2,"minecraft:gravel":3,"minecraft:dirt":1,"minecraft:stone_bricks":2,"create:crimsite":1,"minecraft:deepslate":169},"minecraft:used":{"minecraft:iron_bars":6,"minecraft:spruce_planks":3,"minecraft:shield":8,"minecraft:iron_sword":85,"soul_like_armors_reworked:estusflask":13,"minecraft:cooked_chicken":3,"minecraft:rotten_flesh":1,"minecraft:netherrack":1,"minecraft:torch":56,"minecraft:dirt":9,"minecraft:spruce_stairs":1,"minecraft:nether_bricks":1,"minecraft:carrot":2,"minecraft:iron_hoe":45,"minecraft:polished_andesite_stairs":6,"minecraft:stone_bricks":2,"minecraft:golden_carrot":7,"minecraft:furnace":2,"minecraft:cooked_beef":1,"minecraft:cobbled_deepslate":7,"minecraft:mossy_stone_bricks":18,"minecraft:spruce_door":1,"minecraft:birch_planks":12,"minecraft:stone_pickaxe":24,"minecraft:polished_andesite":2,"minecraft:baked_potato":5,"create:crimsite":1,"minecraft:wooden_pickaxe":16,"minecraft:leather_chestplate":1,"mekanismtools:stone_paxel":53,"minecraft:leather_boots":1,"minecraft:cracked_stone_bricks":22,"minecraft:crafting_table":3,"minecraft:mushroom_stew":1,"minecraft:diamond_pickaxe":192,"minecraft:iron_pickaxe":10,"minecraft:stone_axe":42,"minecraft:diamond_sword":3,"minecraft:potion":2,"minecraft:cooked_porkchop":1,"minecraft:chainmail_leggings":1},"minecraft:custom":{"minecraft:mob_kills":24,"minecraft:interact_with_crafting_table":9,"minecraft:time_since_death":33496,"minecraft:climb_one_cm":2212,"minecraft:damage_resisted":87,"minecraft:sprint_one_cm":248087,"minecraft:walk_one_cm":90102,"minecraft:damage_blocked_by_shield":415,"minecraft:drop":51,"minecraft:play_time":51600,"minecraft:deaths":1,"minecraft:sneak_time":671,"minecraft:walk_under_water_one_cm":1762,"minecraft:jump":433,"minecraft:walk_on_water_one_cm":12620,"minecraft:total_world_time":51600,"minecraft:interact_with_furnace":13,"minecraft:time_since_rest":33542,"minecraft:damage_taken":2250,"minecraft:damage_absorbed":450,"minecraft:damage_dealt":5576,"minecraft:fly_one_cm":62784,"minecraft:swim_one_cm":8708,"minecraft:open_chest":48,"minecraft:crouch_one_cm":1347,"minecraft:fall_one_cm":7384}},"DataVersion":3120}